circuit,family,n_qubits,gate_count,t_count,toffoli_count,twoq_count,other_clifford_count,clifford_count,t_frac,toffoli_frac,twoq_frac,other_clifford_frac,h_count,s_count
structured_random_0,structured_random,5,47,1,0,23,23,46,0.02127659574468085,0.0,0.48936170212765956,0.48936170212765956,14,0
structured_random_1,structured_random,5,50,3,0,21,26,47,0.06,0.0,0.42,0.52,17,0
structured_random_2,structured_random,5,50,2,0,20,28,48,0.04,0.0,0.4,0.56,19,0
structured_random_3,structured_random,5,45,4,0,21,20,41,0.08888888888888889,0.0,0.4666666666666667,0.4444444444444444,13,0
structured_random_4,structured_random,5,50,2,0,25,23,48,0.04,0.0,0.5,0.46,16,0
structured_random_5,structured_random,5,43,2,0,20,21,41,0.046511627906976744,0.0,0.46511627906976744,0.4883720930232558,13,0
structured_random_6,structured_random,5,50,3,0,19,28,47,0.06,0.0,0.38,0.56,18,0
structured_random_7,structured_random,5,48,3,0,19,26,45,0.0625,0.0,0.3958333333333333,0.5416666666666666,17,0
structured_random_8,structured_random,5,45,2,0,21,22,43,0.044444444444444446,0.0,0.4666666666666667,0.4888888888888889,13,0
structured_random_9,structured_random,5,56,1,0,28,27,55,0.017857142857142856,0.0,0.5,0.48214285714285715,18,0
structured_random_10,structured_random,5,55,2,0,24,29,53,0.03636363636363636,0.0,0.43636363636363634,0.5272727272727272,18,0
structured_random_11,structured_random,5,48,3,0,27,18,45,0.0625,0.0,0.5625,0.375,13,0
structured_random_12,structured_random,5,58,3,0,30,25,55,0.05172413793103448,0.0,0.5172413793103449,0.43103448275862066,18,0
structured_random_13,structured_random,5,54,4,0,28,22,50,0.07407407407407407,0.0,0.5185185185185185,0.4074074074074074,17,0
structured_random_14,structured_random,5,53,3,0,23,27,50,0.05660377358490566,0.0,0.4339622641509434,0.5094339622641509,17,0
structured_random_15,structured_random,5,58,4,0,25,29,54,0.06896551724137931,0.0,0.43103448275862066,0.5,19,0
structured_random_16,structured_random,5,57,5,0,23,29,52,0.08771929824561403,0.0,0.40350877192982454,0.5087719298245614,21,0
structured_random_17,structured_random,5,59,3,0,29,27,56,0.05084745762711865,0.0,0.4915254237288136,0.4576271186440678,20,0
structured_random_18,structured_random,5,53,3,0,24,26,50,0.05660377358490566,0.0,0.4528301886792453,0.49056603773584906,17,0
structured_random_19,structured_random,5,52,8,0,16,28,44,0.15384615384615385,0.0,0.3076923076923077,0.5384615384615384,20,0
structured_random_20,structured_random,5,70,4,0,33,33,66,0.05714285714285714,0.0,0.4714285714285714,0.4714285714285714,23,0
structured_random_21,structured_random,5,54,4,0,25,25,50,0.07407407407407407,0.0,0.46296296296296297,0.46296296296296297,14,0
structured_random_22,structured_random,5,40,3,0,14,23,37,0.075,0.0,0.35,0.575,15,0
structured_random_23,structured_random,5,76,10,0,30,36,66,0.13157894736842105,0.0,0.39473684210526316,0.47368421052631576,26,0
structured_random_24,structured_random,5,50,3,0,23,24,47,0.06,0.0,0.46,0.48,16,0
structured_random_25,structured_random,5,51,2,0,21,28,49,0.0392156862745098,0.0,0.4117647058823529,0.5490196078431373,18,0
structured_random_26,structured_random,5,44,1,0,22,21,43,0.022727272727272728,0.0,0.5,0.4772727272727273,13,0
structured_random_27,structured_random,5,55,4,0,22,29,51,0.07272727272727272,0.0,0.4,0.5272727272727272,19,0
structured_random_28,structured_random,5,53,2,0,24,27,51,0.03773584905660377,0.0,0.4528301886792453,0.5094339622641509,18,0
structured_random_29,structured_random,5,57,4,0,32,21,53,0.07017543859649122,0.0,0.5614035087719298,0.3684210526315789,15,0
structured_random_30,structured_random,5,60,4,0,26,30,56,0.06666666666666667,0.0,0.43333333333333335,0.5,19,0
structured_random_31,structured_random,5,59,1,0,29,29,58,0.01694915254237288,0.0,0.4915254237288136,0.4915254237288136,17,0
structured_random_32,structured_random,5,71,4,0,27,40,67,0.056338028169014086,0.0,0.38028169014084506,0.5633802816901409,28,0
structured_random_33,structured_random,5,45,2,0,17,26,43,0.044444444444444446,0.0,0.37777777777777777,0.5777777777777777,18,0
structured_random_34,structured_random,5,49,3,0,19,27,46,0.061224489795918366,0.0,0.3877551020408163,0.5510204081632653,18,0
structured_random_35,structured_random,5,59,5,0,25,29,54,0.0847457627118644,0.0,0.423728813559322,0.4915254237288136,21,0
structured_random_36,structured_random,5,46,4,0,17,25,42,0.08695652173913043,0.0,0.3695652173913043,0.5434782608695652,17,0
structured_random_37,structured_random,5,53,4,0,20,29,49,0.07547169811320754,0.0,0.37735849056603776,0.5471698113207547,21,0
structured_random_38,structured_random,5,45,1,0,19,25,44,0.022222222222222223,0.0,0.4222222222222222,0.5555555555555556,16,0
structured_random_39,structured_random,5,54,2,0,26,26,52,0.037037037037037035,0.0,0.48148148148148145,0.48148148148148145,16,0
structured_random_40,structured_random,5,54,2,0,22,30,52,0.037037037037037035,0.0,0.4074074074074074,0.5555555555555556,18,0
structured_random_41,structured_random,5,56,3,0,28,25,53,0.05357142857142857,0.0,0.5,0.44642857142857145,17,0
structured_random_42,structured_random,5,48,2,0,21,25,46,0.041666666666666664,0.0,0.4375,0.5208333333333334,19,0
structured_random_43,structured_random,5,63,4,0,28,31,59,0.06349206349206349,0.0,0.4444444444444444,0.49206349206349204,21,0
structured_random_44,structured_random,5,69,9,0,33,27,60,0.13043478260869565,0.0,0.4782608695652174,0.391304347826087,23,0
structured_random_45,structured_random,5,47,3,0,20,24,44,0.06382978723404255,0.0,0.425531914893617,0.5106382978723404,16,0
structured_random_46,structured_random,5,51,1,0,22,28,50,0.0196078431372549,0.0,0.43137254901960786,0.5490196078431373,18,0
structured_random_47,structured_random,5,50,3,0,22,25,47,0.06,0.0,0.44,0.5,20,0
structured_random_48,structured_random,5,63,5,0,30,28,58,0.07936507936507936,0.0,0.47619047619047616,0.4444444444444444,21,0
structured_random_49,structured_random,5,44,5,0,14,25,39,0.11363636363636363,0.0,0.3181818181818182,0.5681818181818182,18,0
structured_random_50,structured_random,5,48,4,0,21,23,44,0.08333333333333333,0.0,0.4375,0.4791666666666667,17,0
structured_random_51,structured_random,5,65,3,0,29,33,62,0.046153846153846156,0.0,0.4461538461538462,0.5076923076923077,22,0
structured_random_52,structured_random,5,56,5,0,22,29,51,0.08928571428571429,0.0,0.39285714285714285,0.5178571428571429,21,0
structured_random_53,structured_random,5,61,3,0,26,32,58,0.04918032786885246,0.0,0.4262295081967213,0.5245901639344263,24,0
structured_random_54,structured_random,5,44,1,0,19,24,43,0.022727272727272728,0.0,0.4318181818181818,0.5454545454545454,16,0
structured_random_55,structured_random,5,49,0,0,22,27,49,0.0,0.0,0.4489795918367347,0.5510204081632653,16,0
structured_random_56,structured_random,5,63,5,0,31,27,58,0.07936507936507936,0.0,0.49206349206349204,0.42857142857142855,19,0
structured_random_57,structured_random,5,51,1,0,22,28,50,0.0196078431372549,0.0,0.43137254901960786,0.5490196078431373,17,0
structured_random_58,structured_random,5,48,3,0,20,25,45,0.0625,0.0,0.4166666666666667,0.5208333333333334,16,0
structured_random_59,structured_random,5,45,3,0,15,27,42,0.06666666666666667,0.0,0.3333333333333333,0.6,19,0
structured_random_60,structured_random,5,50,2,0,25,23,48,0.04,0.0,0.5,0.46,14,0
structured_random_61,structured_random,5,45,1,0,20,24,44,0.022222222222222223,0.0,0.4444444444444444,0.5333333333333333,13,0
structured_random_62,structured_random,5,51,1,0,24,26,50,0.0196078431372549,0.0,0.47058823529411764,0.5098039215686274,15,0
structured_random_63,structured_random,5,51,0,0,23,28,51,0.0,0.0,0.45098039215686275,0.5490196078431373,16,0
structured_random_64,structured_random,5,57,3,0,27,27,54,0.05263157894736842,0.0,0.47368421052631576,0.47368421052631576,18,0
structured_random_65,structured_random,5,51,1,0,21,29,50,0.0196078431372549,0.0,0.4117647058823529,0.5686274509803921,18,0
structured_random_66,structured_random,5,39,2,0,19,18,37,0.05128205128205128,0.0,0.48717948717948717,0.46153846153846156,12,0
structured_random_67,structured_random,5,60,1,0,33,26,59,0.016666666666666666,0.0,0.55,0.43333333333333335,14,0
structured_random_68,structured_random,5,52,4,0,22,26,48,0.07692307692307693,0.0,0.4230769230769231,0.5,18,0
structured_random_69,structured_random,5,46,5,0,20,21,41,0.10869565217391304,0.0,0.43478260869565216,0.45652173913043476,17,0
structured_random_70,structured_random,5,53,1,0,22,30,52,0.018867924528301886,0.0,0.41509433962264153,0.5660377358490566,21,0
structured_random_71,structured_random,5,63,3,0,31,29,60,0.047619047619047616,0.0,0.49206349206349204,0.4603174603174603,20,0
structured_random_72,structured_random,5,55,3,0,25,27,52,0.05454545454545454,0.0,0.45454545454545453,0.4909090909090909,17,0
structured_random_73,structured_random,5,50,4,0,16,30,46,0.08,0.0,0.32,0.6,19,0
structured_random_74,structured_random,5,50,2,0,22,26,48,0.04,0.0,0.44,0.52,18,0
structured_random_75,structured_random,5,47,1,0,22,24,46,0.02127659574468085,0.0,0.46808510638297873,0.5106382978723404,14,0
structured_random_76,structured_random,5,55,4,0,27,24,51,0.07272727272727272,0.0,0.4909090909090909,0.43636363636363634,16,0
structured_random_77,structured_random,5,51,6,0,21,24,45,0.11764705882352941,0.0,0.4117647058823529,0.47058823529411764,16,0
structured_random_78,structured_random,5,44,2,0,20,22,42,0.045454545454545456,0.0,0.45454545454545453,0.5,12,0
structured_random_79,structured_random,5,61,3,0,31,27,58,0.04918032786885246,0.0,0.5081967213114754,0.4426229508196721,18,0
structured_random_80,structured_random,5,38,1,0,17,20,37,0.02631578947368421,0.0,0.4473684210526316,0.5263157894736842,13,0
structured_random_81,structured_random,5,61,5,0,28,28,56,0.08196721311475409,0.0,0.45901639344262296,0.45901639344262296,19,0
structured_random_82,structured_random,5,55,1,0,26,28,54,0.01818181818181818,0.0,0.4727272727272727,0.509090909090909,17,0
structured_random_83,structured_random,5,63,3,0,34,26,60,0.047619047619047616,0.0,0.5396825396825397,0.4126984126984127,17,0
structured_random_84,structured_random,5,45,3,0,19,23,42,0.06666666666666667,0.0,0.4222222222222222,0.5111111111111111,17,0
structured_random_85,structured_random,5,56,3,0,24,29,53,0.05357142857142857,0.0,0.42857142857142855,0.5178571428571429,20,0
structured_random_86,structured_random,5,57,5,0,27,25,52,0.08771929824561403,0.0,0.47368421052631576,0.43859649122807015,18,0
structured_random_87,structured_random,5,53,3,0,26,24,50,0.05660377358490566,0.0,0.49056603773584906,0.4528301886792453,17,0
structured_random_88,structured_random,5,77,5,0,40,32,72,0.06493506493506493,0.0,0.5194805194805194,0.4155844155844156,23,0
structured_random_89,structured_random,5,50,3,0,26,21,47,0.06,0.0,0.52,0.42,14,0
structured_random_90,structured_random,5,44,1,0,18,25,43,0.022727272727272728,0.0,0.4090909090909091,0.5681818181818182,15,0
structured_random_91,structured_random,5,43,2,0,18,23,41,0.046511627906976744,0.0,0.4186046511627907,0.5348837209302325,14,0
structured_random_92,structured_random,5,51,6,0,22,23,45,0.11764705882352941,0.0,0.43137254901960786,0.45098039215686275,17,0
structured_random_93,structured_random,5,53,4,0,27,22,49,0.07547169811320754,0.0,0.5094339622641509,0.41509433962264153,17,0
structured_random_94,structured_random,5,48,0,0,23,25,48,0.0,0.0,0.4791666666666667,0.5208333333333334,14,0
structured_random_95,structured_random,5,51,4,0,19,28,47,0.0784313725490196,0.0,0.37254901960784315,0.5490196078431373,18,0
structured_random_96,structured_random,5,56,4,0,27,25,52,0.07142857142857142,0.0,0.48214285714285715,0.44642857142857145,16,0
structured_random_97,structured_random,5,77,6,0,31,40,71,0.07792207792207792,0.0,0.4025974025974026,0.5194805194805194,29,0
structured_random_98,structured_random,5,60,3,0,29,28,57,0.05,0.0,0.48333333333333334,0.4666666666666667,19,0
structured_random_99,structured_random,5,62,2,0,31,29,60,0.03225806451612903,0.0,0.5,0.46774193548387094,19,0
pure_random_0,pure_random,12,48,5,0,10,33,43,0.10416666666666667,0.0,0.20833333333333334,0.6875,21,0
pure_random_1,pure_random,2,35,4,0,9,22,31,0.11428571428571428,0.0,0.2571428571428571,0.6285714285714286,14,0
pure_random_2,pure_random,6,98,6,0,47,45,92,0.061224489795918366,0.0,0.47959183673469385,0.45918367346938777,32,0
pure_random_3,pure_random,5,50,6,0,25,19,44,0.12,0.0,0.5,0.38,13,0
pure_random_4,pure_random,13,74,8,0,29,37,66,0.10810810810810811,0.0,0.3918918918918919,0.5,28,0
pure_random_5,pure_random,12,270,13,0,161,96,257,0.04814814814814815,0.0,0.5962962962962963,0.35555555555555557,65,0
pure_random_6,pure_random,10,56,6,0,17,33,50,0.10714285714285714,0.0,0.30357142857142855,0.5892857142857143,23,0
pure_random_7,pure_random,11,157,4,0,92,61,153,0.025477707006369428,0.0,0.5859872611464968,0.3885350318471338,39,0
pure_random_8,pure_random,2,11,1,0,2,8,10,0.09090909090909091,0.0,0.18181818181818182,0.7272727272727273,6,0
pure_random_9,pure_random,3,34,2,0,13,19,32,0.058823529411764705,0.0,0.38235294117647056,0.5588235294117647,12,0
pure_random_10,pure_random,5,109,7,0,48,54,102,0.06422018348623854,0.0,0.44036697247706424,0.4954128440366973,36,0
pure_random_11,pure_random,11,32,1,0,6,25,31,0.03125,0.0,0.1875,0.78125,18,0
pure_random_12,pure_random,10,81,4,0,28,49,77,0.04938271604938271,0.0,0.345679012345679,0.6049382716049383,33,0
pure_random_13,pure_random,13,188,9,0,107,72,179,0.047872340425531915,0.0,0.5691489361702128,0.3829787234042553,50,0
pure_random_14,pure_random,13,198,13,0,117,68,185,0.06565656565656566,0.0,0.5909090909090909,0.3434343434343434,49,0
pure_random_15,pure_random,8,89,3,0,42,44,86,0.033707865168539325,0.0,0.47191011235955055,0.4943820224719101,28,0
pure_random_16,pure_random,9,167,15,0,81,71,152,0.08982035928143713,0.0,0.48502994011976047,0.4251497005988024,52,0
pure_random_17,pure_random,6,17,1,0,2,14,16,0.058823529411764705,0.0,0.11764705882352941,0.8235294117647058,9,0
pure_random_18,pure_random,14,71,4,0,19,48,67,0.056338028169014086,0.0,0.2676056338028169,0.676056338028169,29,0
pure_random_19,pure_random,13,184,8,0,109,67,176,0.043478260869565216,0.0,0.592391304347826,0.3641304347826087,47,0
pure_random_20,pure_random,7,98,10,0,41,47,88,0.10204081632653061,0.0,0.41836734693877553,0.47959183673469385,36,0
pure_random_21,pure_random,4,34,2,0,12,20,32,0.058823529411764705,0.0,0.35294117647058826,0.5882352941176471,12,0
pure_random_22,pure_random,14,131,6,0,62,63,125,0.04580152671755725,0.0,0.4732824427480916,0.48091603053435117,42,0
pure_random_23,pure_random,3,32,4,0,9,19,28,0.125,0.0,0.28125,0.59375,13,0
pure_random_24,pure_random,8,57,5,0,22,30,52,0.08771929824561403,0.0,0.38596491228070173,0.5263157894736842,21,0
pure_random_25,pure_random,7,110,7,0,54,49,103,0.06363636363636363,0.0,0.4909090909090909,0.44545454545454544,34,0
pure_random_26,pure_random,11,82,4,0,27,51,78,0.04878048780487805,0.0,0.32926829268292684,0.6219512195121951,34,0
pure_random_27,pure_random,14,21,2,0,1,18,19,0.09523809523809523,0.0,0.047619047619047616,0.8571428571428571,10,0
pure_random_28,pure_random,13,160,3,0,98,59,157,0.01875,0.0,0.6125,0.36875,36,0
pure_random_29,pure_random,10,57,5,0,13,39,52,0.08771929824561403,0.0,0.22807017543859648,0.6842105263157895,26,0
pure_random_30,pure_random,8,37,3,0,10,24,34,0.08108108108108109,0.0,0.2702702702702703,0.6486486486486487,17,0
pure_random_31,pure_random,10,123,6,0,58,59,117,0.04878048780487805,0.0,0.4715447154471545,0.4796747967479675,40,0
pure_random_32,pure_random,15,256,10,0,157,89,246,0.0390625,0.0,0.61328125,0.34765625,59,0
pure_random_33,pure_random,11,132,10,0,59,63,122,0.07575757575757576,0.0,0.44696969696969696,0.4772727272727273,48,0
pure_random_34,pure_random,11,63,3,0,23,37,60,0.047619047619047616,0.0,0.36507936507936506,0.5873015873015873,24,0
pure_random_35,pure_random,13,52,4,0,13,35,48,0.07692307692307693,0.0,0.25,0.6730769230769231,26,0
pure_random_36,pure_random,2,76,15,0,17,44,61,0.19736842105263158,0.0,0.2236842105263158,0.5789473684210527,33,0
pure_random_37,pure_random,5,53,4,0,24,25,49,0.07547169811320754,0.0,0.4528301886792453,0.4716981132075472,17,0
pure_random_38,pure_random,3,50,8,0,12,30,42,0.16,0.0,0.24,0.6,22,0
pure_random_39,pure_random,15,51,4,0,11,36,47,0.0784313725490196,0.0,0.21568627450980393,0.7058823529411765,24,0
pure_random_40,pure_random,8,100,6,0,53,41,94,0.06,0.0,0.53,0.41,28,0
pure_random_41,pure_random,9,154,10,0,93,51,144,0.06493506493506493,0.0,0.6038961038961039,0.33116883116883117,35,0
pure_random_42,pure_random,15,135,2,0,72,61,133,0.014814814814814815,0.0,0.5333333333333333,0.45185185185185184,37,0
pure_random_43,pure_random,4,62,5,0,26,31,57,0.08064516129032258,0.0,0.41935483870967744,0.5,20,0
pure_random_44,pure_random,7,87,5,0,35,47,82,0.05747126436781609,0.0,0.40229885057471265,0.5402298850574713,34,0
pure_random_45,pure_random,12,107,4,0,46,57,103,0.037383177570093455,0.0,0.42990654205607476,0.5327102803738317,38,0
pure_random_46,pure_random,13,224,15,0,116,93,209,0.06696428571428571,0.0,0.5178571428571429,0.41517857142857145,64,0
pure_random_47,pure_random,12,31,1,0,4,26,30,0.03225806451612903,0.0,0.12903225806451613,0.8387096774193549,13,0
pure_random_48,pure_random,11,202,15,0,123,64,187,0.07425742574257425,0.0,0.6089108910891089,0.31683168316831684,46,0
pure_random_49,pure_random,4,76,10,0,29,37,66,0.13157894736842105,0.0,0.3815789473684211,0.4868421052631579,28,0
pure_random_50,pure_random,13,97,8,0,41,48,89,0.08247422680412371,0.0,0.422680412371134,0.4948453608247423,33,0
pure_random_51,pure_random,4,47,6,0,21,20,41,0.1276595744680851,0.0,0.44680851063829785,0.425531914893617,13,0
pure_random_52,pure_random,8,114,5,0,59,50,109,0.043859649122807015,0.0,0.5175438596491229,0.43859649122807015,35,0
pure_random_53,pure_random,12,218,11,0,124,83,207,0.05045871559633028,0.0,0.5688073394495413,0.38073394495412843,56,0
pure_random_54,pure_random,10,83,7,0,38,38,76,0.08433734939759036,0.0,0.4578313253012048,0.4578313253012048,28,0
pure_random_55,pure_random,12,137,8,0,70,59,129,0.058394160583941604,0.0,0.5109489051094891,0.4306569343065693,41,0
pure_random_56,pure_random,15,52,4,0,11,37,48,0.07692307692307693,0.0,0.21153846153846154,0.7115384615384616,26,0
pure_random_57,pure_random,5,27,3,0,5,19,24,0.1111111111111111,0.0,0.18518518518518517,0.7037037037037037,14,0
pure_random_58,pure_random,14,65,3,0,13,49,62,0.046153846153846156,0.0,0.2,0.7538461538461538,30,0
pure_random_59,pure_random,8,82,4,0,35,43,78,0.04878048780487805,0.0,0.4268292682926829,0.524390243902439,29,0
pure_random_60,pure_random,3,42,5,0,13,24,37,0.11904761904761904,0.0,0.30952380952380953,0.5714285714285714,18,0
pure_random_61,pure_random,11,205,15,0,104,86,190,0.07317073170731707,0.0,0.5073170731707317,0.4195121951219512,59,0
pure_random_62,pure_random,7,65,5,0,34,26,60,0.07692307692307693,0.0,0.5230769230769231,0.4,21,0
pure_random_63,pure_random,12,157,5,0,86,66,152,0.03184713375796178,0.0,0.5477707006369427,0.42038216560509556,42,0
pure_random_64,pure_random,8,130,7,0,69,54,123,0.05384615384615385,0.0,0.5307692307692308,0.4153846153846154,34,0
pure_random_65,pure_random,9,51,7,0,17,27,44,0.13725490196078433,0.0,0.3333333333333333,0.5294117647058824,20,0
pure_random_66,pure_random,6,41,2,0,15,24,39,0.04878048780487805,0.0,0.36585365853658536,0.5853658536585366,15,0
pure_random_67,pure_random,5,119,11,0,58,50,108,0.09243697478991597,0.0,0.48739495798319327,0.42016806722689076,31,0
pure_random_68,pure_random,10,165,13,0,83,69,152,0.07878787878787878,0.0,0.503030303030303,0.41818181818181815,49,0
pure_random_69,pure_random,6,126,12,0,71,43,114,0.09523809523809523,0.0,0.5634920634920635,0.3412698412698413,32,0
pure_random_70,pure_random,8,139,10,0,71,58,129,0.07194244604316546,0.0,0.5107913669064749,0.4172661870503597,37,0
pure_random_71,pure_random,8,106,8,0,53,45,98,0.07547169811320754,0.0,0.5,0.42452830188679247,31,0
pure_random_72,pure_random,5,47,1,0,19,27,46,0.02127659574468085,0.0,0.40425531914893614,0.574468085106383,18,0
pure_random_73,pure_random,10,175,11,0,91,73,164,0.06285714285714286,0.0,0.52,0.41714285714285715,53,0
pure_random_74,pure_random,3,14,2,0,3,9,12,0.14285714285714285,0.0,0.21428571428571427,0.6428571428571429,5,0
pure_random_75,pure_random,15,51,5,0,10,36,46,0.09803921568627451,0.0,0.19607843137254902,0.7058823529411765,22,0
pure_random_76,pure_random,4,98,11,0,39,48,87,0.11224489795918367,0.0,0.3979591836734694,0.4897959183673469,32,0
pure_random_77,pure_random,4,85,9,0,31,45,76,0.10588235294117647,0.0,0.36470588235294116,0.5294117647058824,30,0
pure_random_78,pure_random,8,143,7,0,79,57,136,0.04895104895104895,0.0,0.5524475524475524,0.3986013986013986,39,0
pure_random_79,pure_random,3,45,3,0,16,26,42,0.06666666666666667,0.0,0.35555555555555557,0.5777777777777777,15,0
pure_random_80,pure_random,8,142,3,0,84,55,139,0.02112676056338028,0.0,0.5915492957746479,0.3873239436619718,34,0
pure_random_81,pure_random,9,129,7,0,73,49,122,0.05426356589147287,0.0,0.5658914728682171,0.3798449612403101,36,0
pure_random_82,pure_random,6,119,12,0,56,51,107,0.10084033613445378,0.0,0.47058823529411764,0.42857142857142855,36,0
pure_random_83,pure_random,15,20,3,0,2,15,17,0.15,0.0,0.1,0.75,8,0
pure_random_84,pure_random,12,205,20,0,111,74,185,0.0975609756097561,0.0,0.5414634146341464,0.36097560975609755,54,0
pure_random_85,pure_random,3,72,9,0,25,38,63,0.125,0.0,0.3472222222222222,0.5277777777777778,26,0
pure_random_86,pure_random,10,104,6,0,55,43,98,0.057692307692307696,0.0,0.5288461538461539,0.41346153846153844,29,0
pure_random_87,pure_random,14,187,14,0,97,76,173,0.0748663101604278,0.0,0.5187165775401069,0.40641711229946526,53,0
pure_random_88,pure_random,7,56,5,0,16,35,51,0.08928571428571429,0.0,0.2857142857142857,0.625,23,0
pure_random_89,pure_random,6,106,12,0,51,43,94,0.11320754716981132,0.0,0.4811320754716981,0.4056603773584906,34,0
pure_random_90,pure_random,4,70,8,0,32,30,62,0.11428571428571428,0.0,0.45714285714285713,0.42857142857142855,23,0
pure_random_91,pure_random,2,55,11,0,10,34,44,0.2,0.0,0.18181818181818182,0.6181818181818182,25,0
pure_random_92,pure_random,13,127,6,0,60,61,121,0.047244094488188976,0.0,0.47244094488188976,0.48031496062992124,40,0
pure_random_93,pure_random,10,73,4,0,32,37,69,0.0547945205479452,0.0,0.4383561643835616,0.5068493150684932,27,0
pure_random_94,pure_random,10,43,4,0,11,28,39,0.09302325581395349,0.0,0.2558139534883721,0.6511627906976745,18,0
pure_random_95,pure_random,15,217,12,0,132,73,205,0.055299539170506916,0.0,0.6082949308755761,0.33640552995391704,51,0
pure_random_96,pure_random,6,143,16,0,66,61,127,0.11188811188811189,0.0,0.46153846153846156,0.42657342657342656,44,0
pure_random_97,pure_random,10,181,12,0,96,73,169,0.06629834254143646,0.0,0.5303867403314917,0.40331491712707185,50,0
pure_random_98,pure_random,5,32,3,0,10,19,29,0.09375,0.0,0.3125,0.59375,12,0
pure_random_99,pure_random,7,52,3,0,20,29,49,0.057692307692307696,0.0,0.38461538461538464,0.5576923076923077,22,0
cuccaro_adder_0_7q,cuccaro_adder,7,102,42,0,48,12,60,0.4117647058823529,0.0,0.47058823529411764,0.11764705882352941,12,0
cuccaro_adder_1_5q,cuccaro_adder,5,68,28,0,32,8,40,0.4117647058823529,0.0,0.47058823529411764,0.11764705882352941,8,0
cuccaro_adder_2_13q,cuccaro_adder,13,204,84,0,96,24,120,0.4117647058823529,0.0,0.47058823529411764,0.11764705882352941,24,0
cuccaro_adder_3_11q,cuccaro_adder,11,170,70,0,80,20,100,0.4117647058823529,0.0,0.47058823529411764,0.11764705882352941,20,0
cuccaro_adder_4_11q,cuccaro_adder,11,170,70,0,80,20,100,0.4117647058823529,0.0,0.47058823529411764,0.11764705882352941,20,0
cuccaro_adder_5_9q,cuccaro_adder,9,136,56,0,64,16,80,0.4117647058823529,0.0,0.47058823529411764,0.11764705882352941,16,0
cuccaro_adder_6_7q,cuccaro_adder,7,102,42,0,48,12,60,0.4117647058823529,0.0,0.47058823529411764,0.11764705882352941,12,0
cuccaro_adder_7_7q,cuccaro_adder,7,102,42,0,48,12,60,0.4117647058823529,0.0,0.47058823529411764,0.11764705882352941,12,0
cuccaro_adder_8_17q,cuccaro_adder,17,272,112,0,128,32,160,0.4117647058823529,0.0,0.47058823529411764,0.11764705882352941,32,0
cuccaro_adder_9_5q,cuccaro_adder,5,68,28,0,32,8,40,0.4117647058823529,0.0,0.47058823529411764,0.11764705882352941,8,0
cuccaro_adder_10_5q,cuccaro_adder,5,68,28,0,32,8,40,0.4117647058823529,0.0,0.47058823529411764,0.11764705882352941,8,0
cuccaro_adder_11_7q,cuccaro_adder,7,102,42,0,48,12,60,0.4117647058823529,0.0,0.47058823529411764,0.11764705882352941,12,0
cuccaro_adder_12_11q,cuccaro_adder,11,170,70,0,80,20,100,0.4117647058823529,0.0,0.47058823529411764,0.11764705882352941,20,0
cuccaro_adder_13_11q,cuccaro_adder,11,170,70,0,80,20,100,0.4117647058823529,0.0,0.47058823529411764,0.11764705882352941,20,0
cuccaro_adder_14_5q,cuccaro_adder,5,68,28,0,32,8,40,0.4117647058823529,0.0,0.47058823529411764,0.11764705882352941,8,0
cuccaro_adder_15_11q,cuccaro_adder,11,170,70,0,80,20,100,0.4117647058823529,0.0,0.47058823529411764,0.11764705882352941,20,0
cuccaro_adder_16_17q,cuccaro_adder,17,272,112,0,128,32,160,0.4117647058823529,0.0,0.47058823529411764,0.11764705882352941,32,0
cuccaro_adder_17_11q,cuccaro_adder,11,170,70,0,80,20,100,0.4117647058823529,0.0,0.47058823529411764,0.11764705882352941,20,0
cuccaro_adder_18_19q,cuccaro_adder,19,306,126,0,144,36,180,0.4117647058823529,0.0,0.47058823529411764,0.11764705882352941,36,0
cuccaro_adder_19_13q,cuccaro_adder,13,204,84,0,96,24,120,0.4117647058823529,0.0,0.47058823529411764,0.11764705882352941,24,0
cuccaro_adder_20_5q,cuccaro_adder,5,68,28,0,32,8,40,0.4117647058823529,0.0,0.47058823529411764,0.11764705882352941,8,0
cuccaro_adder_21_9q,cuccaro_adder,9,136,56,0,64,16,80,0.4117647058823529,0.0,0.47058823529411764,0.11764705882352941,16,0
cuccaro_adder_22_17q,cuccaro_adder,17,272,112,0,128,32,160,0.4117647058823529,0.0,0.47058823529411764,0.11764705882352941,32,0
cuccaro_adder_23_15q,cuccaro_adder,15,238,98,0,112,28,140,0.4117647058823529,0.0,0.47058823529411764,0.11764705882352941,28,0
cuccaro_adder_24_13q,cuccaro_adder,13,204,84,0,96,24,120,0.4117647058823529,0.0,0.47058823529411764,0.11764705882352941,24,0
cuccaro_adder_25_9q,cuccaro_adder,9,136,56,0,64,16,80,0.4117647058823529,0.0,0.47058823529411764,0.11764705882352941,16,0
cuccaro_adder_26_11q,cuccaro_adder,11,170,70,0,80,20,100,0.4117647058823529,0.0,0.47058823529411764,0.11764705882352941,20,0
cuccaro_adder_27_15q,cuccaro_adder,15,238,98,0,112,28,140,0.4117647058823529,0.0,0.47058823529411764,0.11764705882352941,28,0
cuccaro_adder_28_7q,cuccaro_adder,7,102,42,0,48,12,60,0.4117647058823529,0.0,0.47058823529411764,0.11764705882352941,12,0
cuccaro_adder_29_7q,cuccaro_adder,7,102,42,0,48,12,60,0.4117647058823529,0.0,0.47058823529411764,0.11764705882352941,12,0
cuccaro_adder_30_17q,cuccaro_adder,17,272,112,0,128,32,160,0.4117647058823529,0.0,0.47058823529411764,0.11764705882352941,32,0
cuccaro_adder_31_7q,cuccaro_adder,7,102,42,0,48,12,60,0.4117647058823529,0.0,0.47058823529411764,0.11764705882352941,12,0
cuccaro_adder_32_15q,cuccaro_adder,15,238,98,0,112,28,140,0.4117647058823529,0.0,0.47058823529411764,0.11764705882352941,28,0
cuccaro_adder_33_15q,cuccaro_adder,15,238,98,0,112,28,140,0.4117647058823529,0.0,0.47058823529411764,0.11764705882352941,28,0
cuccaro_adder_34_13q,cuccaro_adder,13,204,84,0,96,24,120,0.4117647058823529,0.0,0.47058823529411764,0.11764705882352941,24,0
cuccaro_adder_35_5q,cuccaro_adder,5,68,28,0,32,8,40,0.4117647058823529,0.0,0.47058823529411764,0.11764705882352941,8,0
cuccaro_adder_36_19q,cuccaro_adder,19,306,126,0,144,36,180,0.4117647058823529,0.0,0.47058823529411764,0.11764705882352941,36,0
cuccaro_adder_37_7q,cuccaro_adder,7,102,42,0,48,12,60,0.4117647058823529,0.0,0.47058823529411764,0.11764705882352941,12,0
cuccaro_adder_38_17q,cuccaro_adder,17,272,112,0,128,32,160,0.4117647058823529,0.0,0.47058823529411764,0.11764705882352941,32,0
cuccaro_adder_39_7q,cuccaro_adder,7,102,42,0,48,12,60,0.4117647058823529,0.0,0.47058823529411764,0.11764705882352941,12,0
cuccaro_adder_40_13q,cuccaro_adder,13,204,84,0,96,24,120,0.4117647058823529,0.0,0.47058823529411764,0.11764705882352941,24,0
cuccaro_adder_41_15q,cuccaro_adder,15,238,98,0,112,28,140,0.4117647058823529,0.0,0.47058823529411764,0.11764705882352941,28,0
cuccaro_adder_42_11q,cuccaro_adder,11,170,70,0,80,20,100,0.4117647058823529,0.0,0.47058823529411764,0.11764705882352941,20,0
cuccaro_adder_43_7q,cuccaro_adder,7,102,42,0,48,12,60,0.4117647058823529,0.0,0.47058823529411764,0.11764705882352941,12,0
cuccaro_adder_44_5q,cuccaro_adder,5,68,28,0,32,8,40,0.4117647058823529,0.0,0.47058823529411764,0.11764705882352941,8,0
cuccaro_adder_45_11q,cuccaro_adder,11,170,70,0,80,20,100,0.4117647058823529,0.0,0.47058823529411764,0.11764705882352941,20,0
cuccaro_adder_46_13q,cuccaro_adder,13,204,84,0,96,24,120,0.4117647058823529,0.0,0.47058823529411764,0.11764705882352941,24,0
cuccaro_adder_47_7q,cuccaro_adder,7,102,42,0,48,12,60,0.4117647058823529,0.0,0.47058823529411764,0.11764705882352941,12,0
cuccaro_adder_48_11q,cuccaro_adder,11,170,70,0,80,20,100,0.4117647058823529,0.0,0.47058823529411764,0.11764705882352941,20,0
cuccaro_adder_49_7q,cuccaro_adder,7,102,42,0,48,12,60,0.4117647058823529,0.0,0.47058823529411764,0.11764705882352941,12,0
cuccaro_adder_50_17q,cuccaro_adder,17,272,112,0,128,32,160,0.4117647058823529,0.0,0.47058823529411764,0.11764705882352941,32,0
cuccaro_adder_51_13q,cuccaro_adder,13,204,84,0,96,24,120,0.4117647058823529,0.0,0.47058823529411764,0.11764705882352941,24,0
cuccaro_adder_52_19q,cuccaro_adder,19,306,126,0,144,36,180,0.4117647058823529,0.0,0.47058823529411764,0.11764705882352941,36,0
cuccaro_adder_53_15q,cuccaro_adder,15,238,98,0,112,28,140,0.4117647058823529,0.0,0.47058823529411764,0.11764705882352941,28,0
cuccaro_adder_54_9q,cuccaro_adder,9,136,56,0,64,16,80,0.4117647058823529,0.0,0.47058823529411764,0.11764705882352941,16,0
cuccaro_adder_55_15q,cuccaro_adder,15,238,98,0,112,28,140,0.4117647058823529,0.0,0.47058823529411764,0.11764705882352941,28,0
cuccaro_adder_56_15q,cuccaro_adder,15,238,98,0,112,28,140,0.4117647058823529,0.0,0.47058823529411764,0.11764705882352941,28,0
cuccaro_adder_57_11q,cuccaro_adder,11,170,70,0,80,20,100,0.4117647058823529,0.0,0.47058823529411764,0.11764705882352941,20,0
cuccaro_adder_58_13q,cuccaro_adder,13,204,84,0,96,24,120,0.4117647058823529,0.0,0.47058823529411764,0.11764705882352941,24,0
cuccaro_adder_59_7q,cuccaro_adder,7,102,42,0,48,12,60,0.4117647058823529,0.0,0.47058823529411764,0.11764705882352941,12,0
cuccaro_adder_60_9q,cuccaro_adder,9,136,56,0,64,16,80,0.4117647058823529,0.0,0.47058823529411764,0.11764705882352941,16,0
cuccaro_adder_61_11q,cuccaro_adder,11,170,70,0,80,20,100,0.4117647058823529,0.0,0.47058823529411764,0.11764705882352941,20,0
cuccaro_adder_62_9q,cuccaro_adder,9,136,56,0,64,16,80,0.4117647058823529,0.0,0.47058823529411764,0.11764705882352941,16,0
cuccaro_adder_63_19q,cuccaro_adder,19,306,126,0,144,36,180,0.4117647058823529,0.0,0.47058823529411764,0.11764705882352941,36,0
cuccaro_adder_64_17q,cuccaro_adder,17,272,112,0,128,32,160,0.4117647058823529,0.0,0.47058823529411764,0.11764705882352941,32,0
cuccaro_adder_65_13q,cuccaro_adder,13,204,84,0,96,24,120,0.4117647058823529,0.0,0.47058823529411764,0.11764705882352941,24,0
cuccaro_adder_66_11q,cuccaro_adder,11,170,70,0,80,20,100,0.4117647058823529,0.0,0.47058823529411764,0.11764705882352941,20,0
cuccaro_adder_67_15q,cuccaro_adder,15,238,98,0,112,28,140,0.4117647058823529,0.0,0.47058823529411764,0.11764705882352941,28,0
cuccaro_adder_68_5q,cuccaro_adder,5,68,28,0,32,8,40,0.4117647058823529,0.0,0.47058823529411764,0.11764705882352941,8,0
cuccaro_adder_69_11q,cuccaro_adder,11,170,70,0,80,20,100,0.4117647058823529,0.0,0.47058823529411764,0.11764705882352941,20,0
cuccaro_adder_70_5q,cuccaro_adder,5,68,28,0,32,8,40,0.4117647058823529,0.0,0.47058823529411764,0.11764705882352941,8,0
cuccaro_adder_71_15q,cuccaro_adder,15,238,98,0,112,28,140,0.4117647058823529,0.0,0.47058823529411764,0.11764705882352941,28,0
cuccaro_adder_72_17q,cuccaro_adder,17,272,112,0,128,32,160,0.4117647058823529,0.0,0.47058823529411764,0.11764705882352941,32,0
cuccaro_adder_73_13q,cuccaro_adder,13,204,84,0,96,24,120,0.4117647058823529,0.0,0.47058823529411764,0.11764705882352941,24,0
cuccaro_adder_74_7q,cuccaro_adder,7,102,42,0,48,12,60,0.4117647058823529,0.0,0.47058823529411764,0.11764705882352941,12,0
cuccaro_adder_75_11q,cuccaro_adder,11,170,70,0,80,20,100,0.4117647058823529,0.0,0.47058823529411764,0.11764705882352941,20,0
cuccaro_adder_76_15q,cuccaro_adder,15,238,98,0,112,28,140,0.4117647058823529,0.0,0.47058823529411764,0.11764705882352941,28,0
cuccaro_adder_77_11q,cuccaro_adder,11,170,70,0,80,20,100,0.4117647058823529,0.0,0.47058823529411764,0.11764705882352941,20,0
cuccaro_adder_78_19q,cuccaro_adder,19,306,126,0,144,36,180,0.4117647058823529,0.0,0.47058823529411764,0.11764705882352941,36,0
cuccaro_adder_79_17q,cuccaro_adder,17,272,112,0,128,32,160,0.4117647058823529,0.0,0.47058823529411764,0.11764705882352941,32,0
cuccaro_adder_80_19q,cuccaro_adder,19,306,126,0,144,36,180,0.4117647058823529,0.0,0.47058823529411764,0.11764705882352941,36,0
cuccaro_adder_81_9q,cuccaro_adder,9,136,56,0,64,16,80,0.4117647058823529,0.0,0.47058823529411764,0.11764705882352941,16,0
cuccaro_adder_82_13q,cuccaro_adder,13,204,84,0,96,24,120,0.4117647058823529,0.0,0.47058823529411764,0.11764705882352941,24,0
cuccaro_adder_83_9q,cuccaro_adder,9,136,56,0,64,16,80,0.4117647058823529,0.0,0.47058823529411764,0.11764705882352941,16,0
cuccaro_adder_84_11q,cuccaro_adder,11,170,70,0,80,20,100,0.4117647058823529,0.0,0.47058823529411764,0.11764705882352941,20,0
cuccaro_adder_85_13q,cuccaro_adder,13,204,84,0,96,24,120,0.4117647058823529,0.0,0.47058823529411764,0.11764705882352941,24,0
cuccaro_adder_86_17q,cuccaro_adder,17,272,112,0,128,32,160,0.4117647058823529,0.0,0.47058823529411764,0.11764705882352941,32,0
cuccaro_adder_87_17q,cuccaro_adder,17,272,112,0,128,32,160,0.4117647058823529,0.0,0.47058823529411764,0.11764705882352941,32,0
cuccaro_adder_88_15q,cuccaro_adder,15,238,98,0,112,28,140,0.4117647058823529,0.0,0.47058823529411764,0.11764705882352941,28,0
cuccaro_adder_89_11q,cuccaro_adder,11,170,70,0,80,20,100,0.4117647058823529,0.0,0.47058823529411764,0.11764705882352941,20,0
cuccaro_adder_90_9q,cuccaro_adder,9,136,56,0,64,16,80,0.4117647058823529,0.0,0.47058823529411764,0.11764705882352941,16,0
cuccaro_adder_91_19q,cuccaro_adder,19,306,126,0,144,36,180,0.4117647058823529,0.0,0.47058823529411764,0.11764705882352941,36,0
cuccaro_adder_92_7q,cuccaro_adder,7,102,42,0,48,12,60,0.4117647058823529,0.0,0.47058823529411764,0.11764705882352941,12,0
cuccaro_adder_93_5q,cuccaro_adder,5,68,28,0,32,8,40,0.4117647058823529,0.0,0.47058823529411764,0.11764705882352941,8,0
cuccaro_adder_94_7q,cuccaro_adder,7,102,42,0,48,12,60,0.4117647058823529,0.0,0.47058823529411764,0.11764705882352941,12,0
cuccaro_adder_95_9q,cuccaro_adder,9,136,56,0,64,16,80,0.4117647058823529,0.0,0.47058823529411764,0.11764705882352941,16,0
cuccaro_adder_96_9q,cuccaro_adder,9,136,56,0,64,16,80,0.4117647058823529,0.0,0.47058823529411764,0.11764705882352941,16,0
cuccaro_adder_97_17q,cuccaro_adder,17,272,112,0,128,32,160,0.4117647058823529,0.0,0.47058823529411764,0.11764705882352941,32,0
cuccaro_adder_98_7q,cuccaro_adder,7,102,42,0,48,12,60,0.4117647058823529,0.0,0.47058823529411764,0.11764705882352941,12,0
cuccaro_adder_99_17q,cuccaro_adder,17,272,112,0,128,32,160,0.4117647058823529,0.0,0.47058823529411764,0.11764705882352941,32,0
paper_Adder8,riu_benchmarks,23,105,0,38,15,52,67,0.0,0.3619047619047619,0.14285714285714285,0.49523809523809526,0,0
paper_QFT16_before,riu_benchmarks,16,586,30,0,228,328,556,0.051194539249146756,0.0,0.3890784982935154,0.5597269624573379,16,0
paper_QFT32_before,riu_benchmarks,32,1562,62,0,612,888,1500,0.03969270166453265,0.0,0.39180537772087065,0.5685019206145967,32,0
paper_QFT8_before,riu_benchmarks,8,148,14,0,56,78,134,0.0945945945945946,0.0,0.3783783783783784,0.527027027027027,8,0
paper_QFTAdd8,riu_benchmarks,16,476,42,0,184,250,434,0.08823529411764706,0.0,0.3865546218487395,0.5252100840336135,16,0
paper_adder_8,riu_benchmarks,24,216,0,57,67,92,159,0.0,0.2638888888888889,0.3101851851851852,0.42592592592592593,80,0
paper_barenco_tof_10,riu_benchmarks,19,66,0,32,0,34,34,0.0,0.48484848484848486,0.0,0.5151515151515151,34,0
paper_barenco_tof_3,riu_benchmarks,5,10,0,4,0,6,6,0.0,0.4,0.0,0.6,6,0
paper_barenco_tof_4,riu_benchmarks,7,18,0,8,0,10,10,0.0,0.4444444444444444,0.0,0.5555555555555556,10,0
paper_barenco_tof_5,riu_benchmarks,9,26,0,12,0,14,14,0.0,0.46153846153846156,0.0,0.5384615384615384,14,0
paper_csla_mux_3_original,riu_benchmarks,15,50,0,10,20,20,40,0.0,0.2,0.4,0.4,20,0
paper_csum_mux_9_corrected,riu_benchmarks,30,56,0,28,0,28,28,0.0,0.5,0.0,0.5,0,0
paper_gf2^4_mult,riu_benchmarks,12,51,0,16,3,32,35,0.0,0.3137254901960784,0.058823529411764705,0.6274509803921569,32,0
paper_gf2^5_mult,riu_benchmarks,15,79,0,25,4,50,54,0.0,0.31645569620253167,0.05063291139240506,0.6329113924050633,50,0
paper_gf2^6_mult,riu_benchmarks,18,113,0,36,5,72,77,0.0,0.3185840707964602,0.04424778761061947,0.6371681415929203,72,0
paper_gf2^7_mult,riu_benchmarks,21,153,0,49,6,98,104,0.0,0.3202614379084967,0.0392156862745098,0.6405228758169934,98,0
paper_gf2^8_mult,riu_benchmarks,24,213,0,64,21,128,149,0.0,0.3004694835680751,0.09859154929577464,0.6009389671361502,128,0
paper_grover_5.qc,riu_benchmarks,9,255,0,48,0,207,207,0.0,0.18823529411764706,0.0,0.8117647058823529,142,0
paper_ham15-low.qc,riu_benchmarks,17,167,0,23,98,46,144,0.0,0.1377245508982036,0.5868263473053892,0.2754491017964072,46,0
paper_hwb6.qc,riu_benchmarks,7,79,0,15,26,38,64,0.0,0.189873417721519,0.3291139240506329,0.4810126582278481,30,0
paper_mod5_4,riu_benchmarks,5,15,0,4,4,7,11,0.0,0.26666666666666666,0.26666666666666666,0.4666666666666667,6,0
paper_mod_mult_55,riu_benchmarks,9,35,0,7,6,22,28,0.0,0.2,0.17142857142857143,0.6285714285714286,14,0
paper_mod_red_21,riu_benchmarks,11,74,0,17,3,54,57,0.0,0.22972972972972974,0.04054054054054054,0.7297297297297297,30,0
paper_qcla_adder_10,riu_benchmarks,36,113,0,34,29,50,79,0.0,0.3008849557522124,0.25663716814159293,0.4424778761061947,50,0
paper_qcla_com_7,riu_benchmarks,24,95,0,29,12,54,66,0.0,0.30526315789473685,0.12631578947368421,0.5684210526315789,39,0
paper_qcla_mod_7,riu_benchmarks,26,176,0,59,28,89,117,0.0,0.3352272727272727,0.1590909090909091,0.5056818181818182,82,0
paper_qft_4.qasm,riu_benchmarks,5,159,55,2,34,68,102,0.34591194968553457,0.012578616352201259,0.2138364779874214,0.4276729559748428,46,22
paper_rc_adder_6,riu_benchmarks,14,68,0,11,27,30,57,0.0,0.16176470588235295,0.39705882352941174,0.4411764705882353,22,0
paper_tof_10,riu_benchmarks,19,51,0,17,0,34,34,0.0,0.3333333333333333,0.0,0.6666666666666666,34,0
paper_tof_3.qasm,riu_benchmarks,5,15,0,3,0,12,12,0.0,0.2,0.0,0.8,12,0
paper_tof_4,riu_benchmarks,7,15,0,5,0,10,10,0.0,0.3333333333333333,0.0,0.6666666666666666,10,0
paper_tof_5,riu_benchmarks,9,21,0,7,0,14,14,0.0,0.3333333333333333,0.0,0.6666666666666666,14,0
paper_vbe_adder_3,riu_benchmarks,10,30,0,10,10,10,20,0.0,0.3333333333333333,0.3333333333333333,0.3333333333333333,10,0
